TIME,v(out)
0,0
0.0000001,1.8
0.0000002,0
