schema_version,result_version,stage,node,PulseExist,LegalPulseCount,VOH_mean,VOH_max,VHoldEnd,VoltageLoss,VoltageLossRatio,VOL_max,PulseWidth,Delay,RiseTime,FallTime,Ripple,FalseTrigger,FalseTriggerCount,Overlap,OverlapRatio,legal_windows,primary_window,repeated_windows,false_trigger_windows,pulse_exist,rise_edge_time,fall_edge_time,pulse_width,rising_time,falling_time,ripple,false_trigger,overlap_with_next,overlap_ratio,delay_to_next
1.0,1.0,1,o1,True,1,6.15,6.2,6.1,0.10000000000000053,0.016129032258064602,0.1,3.0000000000000005e-06,,8.266666666666669e-07,8.131147540983615e-07,0.1,False,0,1.0000000000000006e-06,0.33333333333333354,"[[2e-06, 5e-06]]","[2e-06, 5e-06]",[],[],True,1.8333333333333333e-06,4.1803278688524585e-06,3.0000000000000005e-06,8.266666666666669e-07,8.131147540983615e-07,0.1,False,1.0000000000000006e-06,0.33333333333333354,
1.0,1.0,2,o2,True,1,6.15,6.2,6.1,0.10000000000000053,0.016129032258064602,0.2,3e-06,1.9999999999999995e-06,8.266666666666662e-07,8.131147540983607e-07,0.2,False,0,9.999999999999997e-07,0.33333333333333326,"[[4e-06, 7e-06]]","[4e-06, 7e-06]",[],[],True,3.833333333333333e-06,6.180327868852459e-06,3e-06,8.266666666666662e-07,8.131147540983607e-07,0.2,False,9.999999999999997e-07,0.33333333333333326,1.9999999999999995e-06
1.0,1.0,3,o3,True,1,6.15,6.2,6.1,0.10000000000000053,0.016129032258064602,0.0,3e-06,2.000000000000001e-06,8.266666666666667e-07,8.266666666666667e-07,0.0,False,0,,,"[[6e-06, 9e-06]]","[6e-06, 9e-06]",[],[],True,5.833333333333334e-06,8.183333333333333e-06,3e-06,8.266666666666667e-07,8.266666666666667e-07,0.0,False,,,2.000000000000001e-06
