XVAL,v(o1),v(o2),v(o3)
0.000000,0.0,0.0,0.0
0.000001,0.0,0.0,0.0
0.000002,6.0,0.0,0.0
0.000003,6.2,0.0,0.0
0.000004,6.1,6.0,0.0
0.000005,0.0,6.2,0.0
0.000006,0.0,6.1,6.0
0.000007,0.0,0.0,6.2
0.000008,0.0,0.0,6.1
0.000009,0.1,0.2,0.1
0.000010,0.0,0.0,0.0
