TIME,o1,o2,o3
0.000000,0.0,0.0,0.0
0.000001,6.0,0.0,0.0
0.000002,6.0,6.0,0.0
0.000003,6.0,6.0,6.0
0.000004,0.0,6.0,6.0
0.000005,0.0,0.0,6.0
0.000006,0.0,0.0,0.0
0.000007,0.0,0.0,0.0
0.000008,0.0,0.0,0.0
0.000009,0.0,0.0,0.0
