TIME,v(out)
0.000000,0.0
0.000001,1.8
0.000002,1.8
0.000003,0.0
0.000004,0.0
0.000005,1.8
0.000006,1.8
0.000007,0.0
0.000008,0.0
0.000009,1.8
